example8.txt,394b5dcb-a8c4-4005-8292-a9931a4329daexample8.txt
example3.txt,cf5a068f-7f9a-44a4-ad72-aa927425fa1bexample3.txt
example1.txt,472730f9-ae41-4c98-bfb8-ef75b2a21d2dexample1.txt
example2.txt,4a79a0a8-00b1-45f7-beaa-2fea2fa3a9e3example2.txt
example4.txt,b1af15c5-ddea-44c1-a0fa-e7afdd4aae27example4.txt
example7.txt,82b24a3a-732d-493a-9ba3-86f80b43d4e3example7.txt
example6.txt,847051a3-4efc-4d74-9a87-53eac5ff121aexample6.txt
example5.txt,bd506a68-2c43-4ee8-8437-cf3b5540c463example5.txt
example0.txt,ddc4955b-79af-4f5d-b3bd-74b615d040c6example0.txt
example3.txt,cf5a068f-7f9a-44a4-ad72-aa927425fa1bexample3.txt
example4.txt,b1af15c5-ddea-44c1-a0fa-e7afdd4aae27example4.txt
example5.txt,bd506a68-2c43-4ee8-8437-cf3b5540c463example5.txt
