example6.txt,35289d21-5dc0-4c31-b098-689b0c8cd733example6.txt
example5.txt,df9d3379-4cfd-47e6-8a0a-680087717a44example5.txt
example0.txt,78d72a8b-39d0-4d07-8c9a-000c114075e3example0.txt
example8.txt,66ab6334-ca31-47fc-af65-0acfb1d74bd4example8.txt
example2.txt,6ca95603-2c0b-4dff-8bbf-1d9721002e48example2.txt
example7.txt,5016e91a-e399-4aea-ac76-fe8d1d8a6757example7.txt
example1.txt,642e804e-4d88-4bac-b0b7-aaf6c4e47523example1.txt
example4.txt,542290b9-ffcd-45b5-b7b7-219072f91663example4.txt
example3.txt,8422cc1b-e5a4-40eb-80d1-2fbe5c0a2b38example3.txt
example5.txt,df9d3379-4cfd-47e6-8a0a-680087717a44example5.txt
example7.txt,5016e91a-e399-4aea-ac76-fe8d1d8a6757example7.txt
example1.txt,642e804e-4d88-4bac-b0b7-aaf6c4e47523example1.txt
example3.txt,8422cc1b-e5a4-40eb-80d1-2fbe5c0a2b38example3.txt
