example4.txt,541940c6-d8f6-4bc0-bf8f-a4b535efa646example4.txt
example7.txt,87b62a8f-3575-4c20-b2ce-b9ba5391c5faexample7.txt
example2.txt,38ca52fa-2bca-4d93-a3b4-7c6ca5b7a722example2.txt
example3.txt,7ffb6db6-72aa-42b2-8f16-f064384d7695example3.txt
example8.txt,e11ac950-a964-423d-aa2b-7d95d567327cexample8.txt
example6.txt,176911f0-b508-41b0-b076-e1c769eb21e1example6.txt
example1.txt,8db0b16a-ec19-4751-9d0e-b0512f8e9e90example1.txt
example0.txt,9bcae40a-2287-4fdb-89fd-66b80c3b824fexample0.txt
example5.txt,9f1774f8-8337-4f0f-b9f1-1daf76dc4da4example5.txt
example6.txt,176911f0-b508-41b0-b076-e1c769eb21e1example6.txt
example1.txt,8db0b16a-ec19-4751-9d0e-b0512f8e9e90example1.txt
example5.txt,9f1774f8-8337-4f0f-b9f1-1daf76dc4da4example5.txt
