example2.txt,86d3e457-69b7-4cd4-9981-30f2354a9a44example2.txt
example3.txt,910ee2af-bee0-45cc-b30b-84c9fb85292dexample3.txt
example1.txt,cf2f3ebb-ffcb-49a3-871c-e75cffe6a745example1.txt
example4.txt,a48f35f6-5188-4708-bfa9-76b24f64a7bbexample4.txt
example6.txt,1db1e944-cba1-4ff1-84f1-7825392cb2b6example6.txt
example5.txt,8f94ef78-667d-4cb8-b27b-b8598e86bed9example5.txt
example7.txt,dc2ebf75-8203-45dd-8b6f-4ca69da37ec0example7.txt
example8.txt,5badb09d-cfcd-43d3-8e81-000f5e769792example8.txt
example0.txt,d9f0c36a-15f6-45ef-a905-6952b54f239fexample0.txt
example3.txt,910ee2af-bee0-45cc-b30b-84c9fb85292dexample3.txt
example1.txt,cf2f3ebb-ffcb-49a3-871c-e75cffe6a745example1.txt
example7.txt,dc2ebf75-8203-45dd-8b6f-4ca69da37ec0example7.txt
