example0.txt,55c5f3e6-cfe7-4ca6-8193-8cdd8b3e5e5bexample0.txt
example3.txt,51f7d6ff-44ee-4d12-9761-c3a22f6af0abexample3.txt
example7.txt,c3ed34e5-7afa-473d-a347-070d0cc88790example7.txt
example4.txt,14f50321-0695-4539-bf7b-268fd9cfe4f8example4.txt
example5.txt,91a986b9-97ed-4fae-a654-af4b9a80477dexample5.txt
example6.txt,ec6c0117-9c9e-4213-b900-63214455836bexample6.txt
example2.txt,68f5c11c-cccd-40de-bc51-0ec25ae8819cexample2.txt
example1.txt,f7b64063-fcf2-4381-904a-33f90fbc5615example1.txt
example8.txt,db0dacea-5f48-4c5b-b9b5-549a8df0ff63example8.txt
example0.txt,55c5f3e6-cfe7-4ca6-8193-8cdd8b3e5e5bexample0.txt
example3.txt,51f7d6ff-44ee-4d12-9761-c3a22f6af0abexample3.txt
example4.txt,14f50321-0695-4539-bf7b-268fd9cfe4f8example4.txt
example8.txt,db0dacea-5f48-4c5b-b9b5-549a8df0ff63example8.txt
